Sequence_Name,Probability,Prediction
Positive_Human_28,1.0,HP
Positive_Human_80,1.0,HP
Positive_Human_87,1.0,HP
Positive_Human_55,0.981,HP
Positive_Human_18,1.0,HP
Positive_Human_4,1.0,HP
Positive_Human_15,1.0,HP
Positive_Human_82,0.9886,HP
Positive_Animal_475,0.263,non-HP
Positive_Animal_539,1.0,HP
Positive_Animal_477,1.0,HP
Positive_Animal_284,0.9938,HP
Positive_Animal_302,0.9957,HP
Positive_Animal_11,1.0,HP
Positive_Animal_174,0.9045,HP
Positive_Animal_33,0.9908,HP
Positive_Animal_127,1.0,HP
Positive_Animal_232,0.9466,HP
Positive_Animal_564,1.0,HP
Positive_Animal_333,1.0,HP
Positive_Animal_205,1.0,HP
Positive_Animal_103,0.9745,HP
Positive_Animal_354,1.0,HP
Positive_Animal_277,1.0,HP
Positive_Animal_476,0.9888,HP
Positive_Animal_534,1.0,HP
Positive_Animal_136,0.9871,HP
Positive_Animal_85,0.988,HP
Positive_Animal_485,1.0,HP
Positive_Animal_244,1.0,HP
Positive_Animal_338,0.9789,HP
Positive_Animal_132,1.0,HP
Positive_Animal_129,1.0,HP
Positive_Animal_71,1.0,HP
Positive_Animal_88,1.0,HP
Positive_Animal_247,0.988,HP
Positive_Animal_246,1.0,HP
Positive_Animal_20,0.9942,HP
Positive_Animal_332,1.0,HP
Positive_Animal_166,1.0,HP
Positive_Animal_557,1.0,HP
Positive_Animal_204,0.9555,HP
Positive_Animal_535,1.0,HP
Positive_Animal_520,1.0,HP
Positive_Animal_162,1.0,HP
Positive_Animal_446,1.0,HP
Positive_Animal_274,1.0,HP
Positive_Animal_542,0.94,HP
Positive_Animal_480,1.0,HP
Positive_Animal_395,0.96,HP
Positive_Animal_164,0.9968,HP
Positive_Animal_113,1.0,HP
Positive_Animal_49,1.0,HP
Positive_Animal_522,1.0,HP
Positive_Animal_225,0.8686,HP
Positive_Animal_409,0.5217,HP
Positive_Animal_439,0.9869,HP
Positive_Animal_270,1.0,HP
Positive_Animal_272,1.0,HP
Positive_Animal_147,0.8558,HP
Positive_Animal_406,1.0,HP
Positive_Animal_323,0.9509,HP
Positive_Animal_275,0.984,HP
Negative_Human_33,0.0437,non-HP
Negative_Human_60,0.0349,non-HP
Negative_Human_28,0.0032,non-HP
Negative_Human_73,0.0213,non-HP
Negative_Human_15,0.0112,non-HP
Negative_Human_61,0.0244,non-HP
Negative_Human_17,0.0252,non-HP
Negative_Human_31,0.0053,non-HP
Negative_Human_20,0.017,non-HP
Negative_Human_80,0.0541,non-HP
Negative_Human_3,0.0167,non-HP
Negative_Human_26,0.0226,non-HP
Negative_Human_32,0.0231,non-HP
Negative_Human_4,0.7891,HP
Negative_Human_6,0.0095,non-HP
Negative_Human_89,0.0277,non-HP
Negative_Human_9,0.0445,non-HP
Negative_Human_84,0.0229,non-HP
Negative_Animal_220,0.0208,non-HP
Negative_Animal_558,0.0823,non-HP
Negative_Animal_441,0.0269,non-HP
Negative_Animal_153,0.0278,non-HP
Negative_Animal_557,0.0054,non-HP
Negative_Animal_466,0.012,non-HP
Negative_Animal_231,0.0323,non-HP
Negative_Animal_195,0.0268,non-HP
Negative_Animal_268,0.0102,non-HP
Negative_Animal_398,0.0524,non-HP
Negative_Animal_116,0.0048,non-HP
Negative_Animal_317,0.0109,non-HP
Negative_Animal_405,0.0444,non-HP
Negative_Animal_306,0.0259,non-HP
Negative_Animal_311,0.0138,non-HP
Negative_Animal_214,0.0072,non-HP
Negative_Animal_392,0.0479,non-HP
Negative_Animal_286,0.0083,non-HP
Negative_Animal_61,0.0256,non-HP
Negative_Animal_128,0.0932,non-HP
Negative_Animal_44,0.0018,non-HP
Negative_Animal_156,0.0194,non-HP
Negative_Animal_486,0.015,non-HP
Negative_Animal_289,0.0171,non-HP
Negative_Animal_416,0.0277,non-HP
Negative_Animal_77,0.0276,non-HP
Negative_Animal_78,0.1896,non-HP
Negative_Animal_28,0.0214,non-HP
Negative_Animal_352,0.0983,non-HP
Negative_Animal_323,0.0542,non-HP
Negative_Animal_296,0.0137,non-HP
Negative_Animal_38,0.0323,non-HP
Negative_Animal_252,0.0604,non-HP
Negative_Animal_206,0.0064,non-HP
Negative_Animal_34,0.0019,non-HP
Negative_Animal_421,0.0257,non-HP
Negative_Animal_59,0.0239,non-HP
Negative_Animal_245,0.0725,non-HP
Negative_Animal_442,0.0195,non-HP
Negative_Animal_482,0.1051,non-HP
Negative_Animal_518,0.0366,non-HP
Negative_Animal_27,0.1039,non-HP
Negative_Animal_495,0.0902,non-HP
Negative_Animal_95,0.0932,non-HP
Negative_Animal_175,0.0179,non-HP
Negative_Animal_226,0.0121,non-HP
Negative_Animal_491,0.0484,non-HP
Negative_Animal_481,0.015,non-HP
Negative_Animal_292,0.0044,non-HP
Negative_Animal_13,0.0798,non-HP
Negative_Animal_106,0.0167,non-HP
Negative_Animal_562,0.4244,non-HP
Negative_Animal_523,0.0617,non-HP
Negative_Animal_300,0.0111,non-HP
Negative_Animal_56,0.0092,non-HP
Negative_Animal_47,0.0645,non-HP
Negative_Animal_281,0.0272,non-HP
Negative_Animal_130,0.0106,non-HP
Negative_Animal_15,0.0446,non-HP
Negative_Animal_310,0.0126,non-HP
Negative_Animal_184,0.0046,non-HP
Negative_Animal_370,0.0217,non-HP
Negative_Animal_233,0.0523,non-HP
Negative_Animal_304,0.031,non-HP
Negative_Animal_199,0.0096,non-HP
Negative_Animal_103,0.0818,non-HP
Negative_Animal_290,0.0962,non-HP
Negative_Animal_284,0.0201,non-HP
Negative_Animal_496,0.0407,non-HP
Negative_Animal_222,0.0084,non-HP
Negative_Animal_197,0.0213,non-HP
Negative_Animal_190,0.1721,non-HP
Negative_Animal_123,0.0181,non-HP
Negative_Animal_324,0.0327,non-HP
Negative_Animal_198,0.0218,non-HP
Negative_Animal_124,0.0075,non-HP
Negative_Animal_237,0.0221,non-HP
Negative_Animal_258,0.0633,non-HP
Negative_Animal_554,0.0085,non-HP
Negative_Animal_278,0.0065,non-HP
Negative_Animal_465,0.0448,non-HP
Negative_Animal_361,0.0078,non-HP
Negative_Animal_339,0.0529,non-HP
Negative_Animal_436,0.0179,non-HP
Negative_Animal_353,0.0327,non-HP
Negative_Animal_544,0.0491,non-HP
Negative_Animal_485,0.0294,non-HP
Negative_Animal_378,0.0162,non-HP
Negative_Animal_314,0.0209,non-HP
Negative_Animal_250,0.0157,non-HP
Negative_Animal_415,0.007,non-HP
Negative_Animal_227,0.0327,non-HP
Negative_Animal_302,0.031,non-HP
Negative_Animal_96,0.0117,non-HP
Negative_Animal_18,0.0108,non-HP
Negative_Animal_459,0.0288,non-HP
Negative_Animal_503,0.0932,non-HP
Negative_Animal_488,0.0196,non-HP
Negative_Animal_247,0.0405,non-HP
Negative_Animal_501,0.0069,non-HP
Negative_Animal_417,0.0062,non-HP
Negative_Animal_248,0.1613,non-HP
Negative_Animal_88,0.0318,non-HP
Negative_Animal_196,0.1881,non-HP
Negative_Animal_530,0.0214,non-HP
Negative_Animal_11,0.0334,non-HP
Negative_Animal_570,0.0047,non-HP
Negative_Animal_283,0.8632,HP
Negative_Animal_287,0.0148,non-HP
Negative_Animal_349,0.0034,non-HP
Negative_Animal_265,0.0813,non-HP
Negative_Animal_364,0.0283,non-HP
Negative_Animal_218,0.0053,non-HP
Negative_Animal_500,0.0435,non-HP
Negative_Animal_187,0.0654,non-HP
Negative_Animal_333,0.0038,non-HP
Negative_Animal_507,0.0061,non-HP
Negative_Plant_11,0.0065,non-HP
Negative_Plant_2,0.0396,non-HP
Negative_Plant_1,0.2158,non-HP
Negative_Plant_20,0.0198,non-HP
Negative_Plant_28,0.0914,non-HP
Negative_Plant_21,0.011,non-HP
